job_role,skills,,,,,,,,,,,,,,,,,,,,,,,,,,,,,,,,,,,,,,,,,,,,,,,,,,,,,,,,,,,,,,,,,,,,,,,,,,,,,,,,,,,,,,,,,,,,,,,,,,,,,,,,,,,
Web Development,"HTML, CSS, Javscript, github, web development ,full stack, node ,express, sql ,mysql 'jQuery', 'React', 'Angular MongoDB"", ""MySQL"" 'Bootstrap', 'Material UI', 'SASS', 'LESS', 'PostCSS', 'Webpack','React Native', 'Flutter',   'Node.js', 'Express.js', 'Next.js', 'ASP.NET','Ruby on Rails', 'Django', 'Flask',  'MongoDB','MySQL', 'PostgreSQL', 'Oracle', 'Firebase', 'AWS', 'Google Cloud Platform', 'Azure', 'RESTful API', ",,,,,,,,,,,,,,,,,,,,,,,,,,,,,,,,,,,,,,,,,,,,,,,,,,,,,,,,,,,,,,,,,,,,,,,,,,,,,,,,,,,,,,,,,,,,,,,,,,,,,,,,,,,
Software Development,"DSA','Object Oriented Programming','Computer Network','Operating System','Java', 'Python', 'C++ data structures and algorithms  codechef programming api",,,,,,,,,,,,,,,,,,,,,,,,,,,,,,,,,,,,,,,,,,,,,,,,,,,,,,,,,,,,,,,,,,,,,,,,,,,,,,,,,,,,,,,,,,,,,,,,,,,,,,,,,,,
Java Developer,"java ""Android Development"", ""Apache Maven"", ""AWS"", ""Core Java"" Eclipse ""MySQL"", ""NetBeans"" ""Spring Boot"", ""Spring Framework"", ""Struts""",,,,,,,,,,,,,,,,,,,,,,,,,,,,,,,,,,,,,,,,,,,,,,,,,,,,,,,,,,,,,,,,,,,,,,,,,,,,,,,,,,,,,,,,,,,,,,,,,,,,,,,,,,,
Python Developer,"API Development"", ""Artificial Intelligence"", ""AWS"", ""Beautiful Soup"", ""Celery"", ""Cloud Computing"",  ""Django"", ""Flask"", ""Git"", ,"", ""Jenkins"", ""Linux"", ""Machine Learning"",Natural Language Processing (NLP)"",  ""NumPy"", ""Object-Oriented Programming (OOP)"", ""Pandas"", ""PyCharm"", ""PyGTK"", ""PyQt"", ""Python"", ""Python Data Structures"", ""Python Libraries"",",,,,,,,,,,,,,,,,,,,,,,,,,,,,,,,,,,,,,,,,,,,,,,,,,,,,,,,,,,,,,,,,,,,,,,,,,,,,,,,,,,,,,,,,,,,,,,,,,,,,,,,,,,,
C ++ Developer,"""Algorithms"", ""Assembly Language"", ""C++"", ""Compiler Design"", ""Data Structures"", ""Debugging"",stl   ""Design Patterns"", ""Embedded Systems"", ""Game Development"", ""Git"", ""Graphics Programming"", ""Linux"", ""MFC (Microsoft Foundation Class)"",   ""Multithreading"", ""Object-Oriented Programming (OOP)"", ""OpenGL"", ""Operating System Concepts"", ""Qt"", ""Real-Time Systems"", ""RESTful Web Services"", ""Reverse Engineering"", ""Software Development Life Cycle (SDLC)"", ""SQL"", ""STL (Standard Template Library)",,,,,,,,,,,,,,,,,,,,,,,,,,,,,,,,,,,,,,,,,,,,,,,,,,,,,,,,,,,,,,,,,,,,,,,,,,,,,,,,,,,,,,,,,,,,,,,,,,,,,,,,,,,
Data Science,"Python, R, Java, C++, Scala Pandas, Numpy, Scipy, Scikit-learn, NLTK, Spacy, Gensim, Seaborn, Matplotlib, Plotly, Bokeh TensorFlow, Keras, PyTorch Jupyter, Conda",,,,,,,,,,,,,,,,,,,,,,,,,,,,,,,,,,,,,,,,,,,,,,,,,,,,,,,,,,,,,,,,,,,,,,,,,,,,,,,,,,,,,,,,,,,,,,,,,,,,,,,,,,,
DotNet Developer,"""ASP.NET"", ""ASP.NET Core"", ""C#"", ""CSS"", ""Database Design"", ""Entity Framework"", ""Git"", ""HTML"", ""JavaScript"",       ""jQuery"", ""LINQ"", ""MVC (Model-View-Controller)"", ""Microsoft SQL Server"", ""Microsoft Visual Studio""",,,,,,,,,,,,,,,,,,,,,,,,,,,,,,,,,,,,,,,,,,,,,,,,,,,,,,,,,,,,,,,,,,,,,,,,,,,,,,,,,,,,,,,,,,,,,,,,,,,,,,,,,,,
Software Testing," ""Cross-Browser Testing"", ""Defect Management"", ""Defect Tracking"", ""Exploratory Testing"", ""Functional Testing"", ""GUI Testing"", ""Integration Testing"",   ""Load Testing"", ""Manual Testing"", ""Mobile Testing"", ""Performance Testing"", ""Quality Assurance"", ""Regression Testing"", ""Risk-Based Testing"",                ""Selenium"", ""Smoke Testing"", ""Software Development Life Cycle (SDLC)"", ""Software Testing Life Cycle (STLC)"", ""SQL"", ""System Testing"",                ""Test Automation Frameworks"", ""Test Case Design"", ""Test Case Execution"", ""Test Estimation"", ""Test Management"", ""Test Planning"",",,,,,,,,,,,,,,,,,,,,,,,,,,,,,,,,,,,,,,,,,,,,,,,,,,,,,,,,,,,,,,,,,,,,,,,,,,,,,,,,,,,,,,,,,,,,,,,,,,,,,,,,,,,
Embedded  System,"C, C++, Assembly, Microcontrollers, Embedded Linux, RTOS, ARM, PIC, AVR, RISC-V, MIPS, DSP, FPGA, VHDL, Verilog, I2C, SPI, UART, CAN, Ethernet, USB, Bluetooth, Zigbee, LoRa, NFC, RFID, GSM, GPS, Wireless Communication, RTOS, FreeRTOS, Contiki, mbed OS, uC/OS, TI-RTOS, MQX, Linux Kernel, Device Drivers, Bootloader, ARM Cortex-M, ARM Cortex-A, ARM Cortex-R, Debugging, JTAG, SWD, GDB, Tracealyzer, Logic Analyzer, Oscilloscope, Keil, IAR, GCC, MATLAB, Simulink, LabVIEW",,,,,,,,,,,,,,,,,,,,,,,,,,,,,,,,,,,,,,,,,,,,,,,,,,,,,,,,,,,,,,,,,,,,,,,,,,,,,,,,,,,,,,,,,,,,,,,,,,,,,,,,,,,
Administrative Assistant,"Microsoft Office Suite, Communication Skills, Organization, Time Management, Data Entry, Calendar Management, Office Equipment Operation, Customer Service, Multitasking, Problem Solving, Attention to Detail, Written Communication, Interpersonal Skills, Filing and Record Keeping, Confidentiality, Administrative Support, Scheduling, Event Planning, Office Software Proficiency, Adaptability, Prioritization, Team Collaboration, Basic Bookkeeping, Research Skills, Presentation Preparation, Proactive Thinking, Office Etiquette, Travel Arrangements, Proofreading, Quick Learner",,,,,,,,,,,,,,,,,,,,,,,,,,,,,,,,,,,,,,,,,,,,,,,,,,,,,,,,,,,,,,,,,,,,,,,,,,,,,,,,,,,,,,,,,,,,,,,,,,,,,,,,,,,
Financial Analyst,"Financial Modeling, Data Analysis, Budgeting, Forecasting, Excel, Accounting, Attention to Detail, Business Acumen, Analytical Thinking, Report Generation, Trend Analysis, Risk Management, Cost-Benefit Analysis, Market Research, Financial Reporting, Variance Analysis, Decision Making, Numerical Proficiency, Time Management, Problem Solving, Presentation Skills, Strategic Planning, ROI Analysis, Critical Thinking, Auditing, Cash Flow Management, Compliance Knowledge, Financial Software Proficiency, Financial Planning, Stakeholder Communication",,,,,,,,,,,,,,,,,,,,,,,,,,,,,,,,,,,,,,,,,,,,,,,,,,,,,,,,,,,,,,,,,,,,,,,,,,,,,,,,,,,,,,,,,,,,,,,,,,,,,,,,,,,
Human Resources Specialist,"Recruitment, Employee Relations, HR Policies, Interviewing, Conflict Resolution, Organizational Development, Onboarding, Benefits Administration, HRIS, Communication, Diversity and Inclusion, Training and Development, Performance Management, Compensation Management, Labor Law Compliance, Employee Engagement, Succession Planning, HR Analytics, Talent Acquisition, Change Management, HR Reporting, Strategic Thinking, Problem Solving, Employee Advocacy, Workforce Planning, Compliance Knowledge, Coaching and Mentoring, Team Building, Conflict Mediation, Ethical Decision Making",,,,,,,,,,,,,,,,,,,,,,,,,,,,,,,,,,,,,,,,,,,,,,,,,,,,,,,,,,,,,,,,,,,,,,,,,,,,,,,,,,,,,,,,,,,,,,,,,,,,,,,,,,,
Marketing Coordinator,"Social Media Management, Content Creation, Market Research, Email Marketing, Campaign Analysis, Graphic Design, SEO, Event Planning, Branding, Copywriting, Analytics, Public Relations, Marketing Strategy, Communication, Creativity, Data Interpretation, Trend Analysis, Digital Marketing, Influencer Collaboration, Marketing Automation, CRM Software, Customer Relationship Management, Market Segmentation, Brand Strategy, Campaign Execution, Budgeting, Project Management, Reporting, Copy Editing, Time Management",,,,,,,,,,,,,,,,,,,,,,,,,,,,,,,,,,,,,,,,,,,,,,,,,,,,,,,,,,,,,,,,,,,,,,,,,,,,,,,,,,,,,,,,,,,,,,,,,,,,,,,,,,,
Executive Assistant,"Confidentiality, Calendar Management, Travel Arrangements, Project Coordination, Decision Making, Professionalism, Communication, Discretion, Problem Solving, Time Management, Organizational Skills, Gatekeeping, Relationship Management, Office Management, Meeting Coordination, Strategic Planning, Multitasking, Proactive Thinking, Business Acumen, Event Planning, Conflict Resolution, Stakeholder Engagement, Presentation Preparation, Research Skills, Budgeting, Team Collaboration, Adaptability, Detail-Oriented, Technology Proficiency, Executive Support",,,,,,,,,,,,,,,,,,,,,,,,,,,,,,,,,,,,,,,,,,,,,,,,,,,,,,,,,,,,,,,,,,,,,,,,,,,,,,,,,,,,,,,,,,,,,,,,,,,,,,,,,,,
Business Development Manager,"Sales, Lead Generation, Market Expansion, Relationship Building, Negotiation, Strategic Planning, Presentation Skills, CRM Software, Networking, Market Analysis, Client Acquisition, Account Management, Forecasting, Business Intelligence, Consultative Selling, Cross-functional Collaboration, Contract Negotiation, Competitive Analysis, Sales Funnel Management, Communication, Goal Setting, Customer Relationship Management, Team Leadership, Product Knowledge, Proposal Writing, Closing Skills, Territory Management, Relationship Management, Pipeline Management, Revenue Growth",,,,,,,,,,,,,,,,,,,,,,,,,,,,,,,,,,,,,,,,,,,,,,,,,,,,,,,,,,,,,,,,,,,,,,,,,,,,,,,,,,,,,,,,,,,,,,,,,,,,,,,,,,,
Office Manager,"Facility Management, Team Leadership, Budget Management, Inventory Control, Office Supplies Procurement, Vendor Management, Staff Training, Workflow Optimization, Problem Solving, Time Management, Communication, Conflict Resolution, Office Security, Business Continuity Planning, Compliance Knowledge, Safety Protocols, Project Management, Space Planning, Asset Management, Environmental Sustainability, Technology Integration, Employee Engagement, Strategic Planning, Process Improvement, Crisis Management, Cross-functional Collaboration, Decision Making, Data Analysis, Team Building",,,,,,,,,,,,,,,,,,,,,,,,,,,,,,,,,,,,,,,,,,,,,,,,,,,,,,,,,,,,,,,,,,,,,,,,,,,,,,,,,,,,,,,,,,,,,,,,,,,,,,,,,,,
Project Coordinator,"Project Management, Task Coordination, Stakeholder Communication, Documentation, Risk Management, Agile Methodology, Time Tracking, Quality Assurance, Reporting, Collaboration, Problem Solving, Resource Allocation, Scrum, Gantt Charts, Project Scheduling, Budget Tracking, Change Management, Process Improvement, Team Facilitation, Requirement Analysis, Critical Thinking, Decision Making, Communication, Meeting Coordination, Client Interaction, Software Proficiency, Milestone Tracking, Project Planning, Multitasking, Conflict Resolution",,,,,,,,,,,,,,,,,,,,,,,,,,,,,,,,,,,,,,,,,,,,,,,,,,,,,,,,,,,,,,,,,,,,,,,,,,,,,,,,,,,,,,,,,,,,,,,,,,,,,,,,,,,
Customer Service Representative,"Customer Support, Problem Resolution, Communication, Empathy, Product Knowledge, Time Management, Order Processing, Conflict Resolution, Active Listening, Multitasking, CRM Software, Service Excellence, Complaint Handling, Technical Troubleshooting, Upselling, Cross-selling, Customer Feedback Analysis, Relationship Management, Escalation Management, Process Improvement, Communication Skills, Team Collaboration, Adaptability, Patience, Cultural Sensitivity, Customer Satisfaction, Training Delivery, Knowledge Base Management, Data Entry",,,,,,,,,,,,,,,,,,,,,,,,,,,,,,,,,,,,,,,,,,,,,,,,,,,,,,,,,,,,,,,,,,,,,,,,,,,,,,,,,,,,,,,,,,,,,,,,,,,,,,,,,,,
Digital Marketing Specialist,"Search Engine Optimization (SEO), Social Media Management, Content Creation, Email Marketing, Pay-Per-Click (PPC) Advertising, Analytics, Marketing Automation, A/B Testing, Data Analysis, Digital Strategy, Conversion Rate Optimization (CRO), Copywriting, Graphic Design, Web Development Basics, Campaign Management, Social Media Advertising, Video Marketing, Influencer Collaboration, Mobile Marketing, Customer Segmentation, CRM Software, Google Analytics, SEMrush, HubSpot.",,,,,,,,,,,,,,,,,,,,,,,,,,,,,,,,,,,,,,,,,,,,,,,,,,,,,,,,,,,,,,,,,,,,,,,,,,,,,,,,,,,,,,,,,,,,,,,,,,,,,,,,,,,
Content Marketing Manager,"Content Strategy, Blog Management, Editorial Planning, Copywriting, Storytelling, SEO Optimization, Content Distribution, Social Media Marketing, Video Production, Graphic Design, Email Marketing, Analytics, Branding, Content Calendar Management, Audience Research, Thought Leadership, Content Collaboration, Content Metrics Analysis, Editing, SEO Tools (e.g., Moz, Ahrefs), CMS (Content Management System) Familiarity, Marketing Automation Platforms, Creativity.",,,,,,,,,,,,,,,,,,,,,,,,,,,,,,,,,,,,,,,,,,,,,,,,,,,,,,,,,,,,,,,,,,,,,,,,,,,,,,,,,,,,,,,,,,,,,,,,,,,,,,,,,,,
Social Media Coordinator,"Social Media Management, Content Creation, Community Engagement, Social Media Advertising, Analytics, Trend Analysis, Social Media Scheduling Tools, Customer Service via Social Media, Influencer Marketing, Hashtag Strategy, Graphic Design Basics, Video Editing Basics, Social Media Campaign Planning, Copywriting, Data Analysis, Trendspotting, Crisis Management, Customer Feedback Analysis, Social Media Tools (e.g., Hootsuite, Buffer), Brand Advocacy.",,,,,,,,,,,,,,,,,,,,,,,,,,,,,,,,,,,,,,,,,,,,,,,,,,,,,,,,,,,,,,,,,,,,,,,,,,,,,,,,,,,,,,,,,,,,,,,,,,,,,,,,,,,
Brand Manager,"Brand Strategy, Brand Development, Brand Positioning, Market Research, Competitive Analysis, Creative Direction, Campaign Management, Product Launches, Marketing Communication, Advertising, Public Relations, Brand Guidelines Management, Customer Loyalty Programs, Brand Metrics Analysis, Crisis Management, Cross-functional Collaboration, Trend Analysis, Market Segmentation, Consumer Behavior Understanding, Social Listening, Brand Advocacy, Event Marketing.",,,,,,,,,,,,,,,,,,,,,,,,,,,,,,,,,,,,,,,,,,,,,,,,,,,,,,,,,,,,,,,,,,,,,,,,,,,,,,,,,,,,,,,,,,,,,,,,,,,,,,,,,,,
Email Marketing Specialist,"Email Campaign Management, Email Automation, List Segmentation, A/B Testing, Copywriting, HTML/CSS Basics, Deliverability Optimization, Email Analytics, CRM Integration, Drip Campaigns, Personalization, Landing Page Optimization, Mobile Responsiveness, GDPR Compliance, Customer Journey Mapping, Email Marketing Platforms (e.g., Mailchimp, Constant Contact), Conversion Tracking, Content Strategy for Emails",,,,,,,,,,,,,,,,,,,,,,,,,,,,,,,,,,,,,,,,,,,,,,,,,,,,,,,,,,,,,,,,,,,,,,,,,,,,,,,,,,,,,,,,,,,,,,,,,,,,,,,,,,,
Marketing Analytics Manager,"Data Analysis, Marketing Metrics, Analytics Tools (e.g., Google Analytics, Adobe Analytics), Data Visualization, A/B Testing, Statistical Analysis, ROI Analysis, Customer Segmentation, Predictive Analytics, Marketing Attribution Models, Dashboard Creation, SQL Knowledge, Excel Proficiency, Data Interpretation, Data-driven Decision Making, Marketing Performance Reporting, Market Research, KPI Setting, Data Privacy Compliance",,,,,,,,,,,,,,,,,,,,,,,,,,,,,,,,,,,,,,,,,,,,,,,,,,,,,,,,,,,,,,,,,,,,,,,,,,,,,,,,,,,,,,,,,,,,,,,,,,,,,,,,,,,
Product Marketing Manager,"Product Launch Strategy, Market Research, Competitive Analysis, Buyer Personas, Value Proposition Development, Messaging Strategy, Product Positioning, Sales Enablement, Go-to-Market Planning, Pricing Strategy, Market Segmentation, Customer Feedback Analysis, Cross-functional Collaboration, Content Creation, Marketing Communication, Product Lifecycle Management, Training and Support Material Creation, Data Analysis.",,,,,,,,,,,,,,,,,,,,,,,,,,,,,,,,,,,,,,,,,,,,,,,,,,,,,,,,,,,,,,,,,,,,,,,,,,,,,,,,,,,,,,,,,,,,,,,,,,,,,,,,,,,
SEO Specialist,"Search Engine Optimization (SEO), Keyword Research, On-page Optimization, Off-page Optimization, Link Building, Technical SEO, SEO Audits, SEO Tools (e.g., SEMrush, Moz), Google Analytics, Content Optimization, Local SEO, Mobile SEO, SEO Strategy Development, Competitor Analysis, Data Analysis, HTML/CSS Basics, Web Development Understanding, User Experience (UX) Knowledge",,,,,,,,,,,,,,,,,,,,,,,,,,,,,,,,,,,,,,,,,,,,,,,,,,,,,,,,,,,,,,,,,,,,,,,,,,,,,,,,,,,,,,,,,,,,,,,,,,,,,,,,,,,
Event Marketing Coordinator,"Event Planning, Logistics Management, Budgeting, Vendor Coordination, Event Promotion, Social Media Marketing for Events, Sponsorship Management, On-site Event Coordination, Post-event Analysis, Branding for Events, Content Creation for Events, Attendee Engagement Strategies, Data Collection at Events, ROI Measurement for Events, Cross-functional Collaboration, Crisis Management, Public Relations for Events, Customer Relationship Building.",,,,,,,,,,,,,,,,,,,,,,,,,,,,,,,,,,,,,,,,,,,,,,,,,,,,,,,,,,,,,,,,,,,,,,,,,,,,,,,,,,,,,,,,,,,,,,,,,,,,,,,,,,,
Mechanical Engineer,"Mechanical Engineering professional with expertise in CAD, Finite Element Analysis, SolidWorks, AutoCAD, Thermodynamics, Fluid Dynamics, Materials Science, Mechanical Design, Machine Design, Robotics, Heat Transfer, Kinematics, Dynamics, Stress Analysis, Structural Analysis, Manufacturing Processes, CNC Machining, 3D Printing, Product Lifecycle Management (PLM), Design for Manufacturing (DFM), Tolerance Analysis, Pneumatics, Hydraulics, Product Development, Prototyping, Technical Drawing, Geometric Dimensioning and Tolerancing (GD&T), Mechatronics, and Computational Fluid Dynamics (CFD).",,,,,,,,,,,,,,,,,,,,,,,,,,,,,,,,,,,,,,,,,,,,,,,,,,,,,,,,,,,,,,,,,,,,,,,,,,,,,,,,,,,,,,,,,,,,,,,,,,,,,,,,,,,
Industrial Engineer,"Industrial Engineering, professional specializing , Lean Manufacturing, Six Sigma, Operations Research, Production Planning, Supply Chain Management, Statistical Process Control, Time and Motion Studies, Value Stream Mapping, Kaizen, Ergonomics, Facility Layout Planning, Quality Management, Inventory Management, Root Cause Analysis, Workforce Planning, Capacity Planning, Simulation Modeling, Project Management, Cost Analysis, Data Analysis, Continuous Improvement, 5S Methodology, Kanban, Decision Analysis, Queueing Theory, Facility Design, JIT (Just-In-Time) Manufacturing, and Risk Management.",,,,,,,,,,,,,,,,,,,,,,,,,,,,,,,,,,,,,,,,,,,,,,,,,,,,,,,,,,,,,,,,,,,,,,,,,,,,,,,,,,,,,,,,,,,,,,,,,,,,,,,,,,,
Electrical Engineer,"Electrical Engineering, Circuit Design, Power Systems, Electronics, Control Systems, Instrumentation, PLC (Programmable Logic Controller), PCB (Printed Circuit Board) Design, Electric Machines, Power Electronics, Analog Electronics, Digital Electronics, Embedded Systems, Signal Processing, Communication Systems, RF (Radio Frequency) Engineering, Microcontrollers, VLSI (Very Large Scale Integration), FPGA (Field-Programmable Gate Array), Electromagnetics, Electric Drives, Renewable Energy Systems, Smart Grid, Robotics, Control Theory, Testing and Measurement, Semiconductor Devices, Optoelectronics, Circuit Simulation, Power Distribution",,,,,,,,,,,,,,,,,,,,,,,,,,,,,,,,,,,,,,,,,,,,,,,,,,,,,,,,,,,,,,,,,,,,,,,,,,,,,,,,,,,,,,,,,,,,,,,,,,,,,,,,,,,
Process Control Engineer,"Process Control Engineering, SCADA (Supervisory Control and Data Acquisition), PLC Programming, Industrial Automation, Control Systems Design, PID Controller, HMI (Human-Machine Interface), Process Optimization, Instrumentation, Data Acquisition, Distributed Control System (DCS), Motion Control, Advanced Process Control, System Integration, Process Instrumentation, Control Loop Tuning, Batch Control, Real-time Monitoring, Industrial Communication Protocols, Cyber-Physical Systems, Fault Detection and Diagnosis, Process Safety, Control System Security, Machine Vision, SCADA Security, Control Panel Design, Process Simulation, Energy Management, Industrial Robotics",,,,,,,,,,,,,,,,,,,,,,,,,,,,,,,,,,,,,,,,,,,,,,,,,,,,,,,,,,,,,,,,,,,,,,,,,,,,,,,,,,,,,,,,,,,,,,,,,,,,,,,,,,,
Manufacturing Engineer,"Manufacturing Engineering, Lean Manufacturing, Production Planning, Manufacturing Processes, Industrial Engineering, Quality Control, Process Improvement, Six Sigma, Value Engineering, Root Cause Analysis, Product Development, Assembly Line Design, Fixture Design, Cellular Manufacturing, Tooling, Continuous Improvement, Kaizen, Process Validation, Statistical Process Control, Material Flow, Work Instructions, Time and Motion Studies, Cost Analysis, Robotics Integration, Automation, Machining, 3D Printing, Additive Manufacturing, Supply Chain Optimization",,,,,,,,,,,,,,,,,,,,,,,,,,,,,,,,,,,,,,,,,,,,,,,,,,,,,,,,,,,,,,,,,,,,,,,,,,,,,,,,,,,,,,,,,,,,,,,,,,,,,,,,,,,
Reliability Engineer,"Reliability Engineering, Asset Management, Failure Analysis, Root Cause Analysis, Predictive Maintenance, Preventive Maintenance, RCA (Root Cause Analysis), FMEA (Failure Modes and Effects Analysis), RCM (Reliability Centered Maintenance), Asset Performance Management, Condition Monitoring, MTBF (Mean Time Between Failures), MTTR (Mean Time To Repair), Spare Parts Optimization, Equipment Reliability, Risk-Based Maintenance, Fault Tree Analysis, Reliability Testing, Life Cycle Cost Analysis, Weibull Analysis, Reliability Block Diagrams, Reliability Modeling, Maintenance Planning, RAM Analysis (Reliability, Availability, Maintainability), Prognostics and Health Management, Equipment Degradation Modeling, Failure Reporting, Analysis, and Corrective Action System (FRACAS)",,,,,,,,,,,,,,,,,,,,,,,,,,,,,,,,,,,,,,,,,,,,,,,,,,,,,,,,,,,,,,,,,,,,,,,,,,,,,,,,,,,,,,,,,,,,,,,,,,,,,,,,,,,
Mobile App Developer,"Mobile App Development, Android, iOS, Swift, Kotlin, Java, React Native, Flutter, Xamarin, Unity, Cross-Platform Development, Mobile UI/UX Design, Material Design, App Store, Google Play, App Development Lifecycle, Mobile Security, RESTful APIs, JSON, XML, Firebase, Authentication, Push Notifications, Location-Based Services, Mobile Database, SQLite, Realm, Core Data, Mobile Testing, Unit Testing, UI Testing, Continuous Integration, Version Control, Git, GitHub, Bitbucket, Mobile Analytics, Crash Reporting, Performance Optimization, ARKit, ARCore, Mobile Sensors, Accelerometer, Gyroscope, GPS, Camera, Mobile Payments, In-App Purchases, Monetization Strategies, Ad Integration, Mobile App Marketing, User Engagement, Mobile App Analytics, Agile Development, Scrum, Kanban",,,,,,,,,,,,,,,,,,,,,,,,,,,,,,,,,,,,,,,,,,,,,,,,,,,,,,,,,,,,,,,,,,,,,,,,,,,,,,,,,,,,,,,,,,,,,,,,,,,,,,,,,,,
Android App Developer,"Android Studio, Java, Kotlin, Android SDK, Material Design, Android UI/UX, Android Architecture Components, Android Jetpack, Fragment, Activity, Intent, Service, Broadcast Receiver, Content Provider, Android Gradle Plugin, Android Emulator, Android NDK, Android App Performance Optimization, Android App Testing, Android App Publishing, Android Networking, Retrofit, OkHttp, Volley, Android Data Persistence, SharedPreferences, SQLite Database, Room Database, Android Dependency Injection, Dagger, Android Security, ProGuard, Android App Permissions, Google Play Services, Firebase Authentication, Google Maps API, Google Cloud Messaging, Android Accessibility, Android Material Components, Android Animations, Android Custom Views",,,,,,,,,,,,,,,,,,,,,,,,,,,,,,,,,,,,,,,,,,,,,,,,,,,,,,,,,,,,,,,,,,,,,,,,,,,,,,,,,,,,,,,,,,,,,,,,,,,,,,,,,,,
IOS- App Developer,"Xcode, Swift, Objective-C, iOS SDK, UIKit, SwiftUI, Core Data, Auto Layout, Interface Builder, Cocoa Touch, iOS App Design Guidelines, App Store Submission, TestFlight, iOS App Testing, CocoaPods, Carthage, Fastlane, Code Signing, iOS App Performance Optimization, Core Animation, Core Graphics, Metal Framework, ARKit, HealthKit, CoreML, Vision Framework, CoreLocation, MapKit, In-App Purchase, Apple Push Notification Service (APNS), SpriteKit, SceneKit, WebKit, iOS App Extensions, SiriKit, CoreBluetooth, WebKit, App Thinning, Asset Catalog, Apple Human Interface Guidelines",,,,,,,,,,,,,,,,,,,,,,,,,,,,,,,,,,,,,,,,,,,,,,,,,,,,,,,,,,,,,,,,,,,,,,,,,,,,,,,,,,,,,,,,,,,,,,,,,,,,,,,,,,,
Native App Developer,"Platform-Specific Development, Platform-Specific UI/UX, Optimized Performance for Each Platform, Platform-Specific Features Utilization, Direct Access to Device Capabilities, Platform-Specific Language Usage, Native API Integration, Native UI Components, Platform-Specific Debugging, Platform-Specific Testing, Optimizing Battery Consumption, Platform-Specific Security Considerations, Handling Platform-Specific App Lifecycles, Platform-Specific Memory Management, Platform-Specific Push Notifications, Platform-Specific Gesture Handling, Platform-Specific Navigation Patterns, Platform-Specific File System Access, Platform-Specific Permissions Handling, Platform-Specific Background Tasks, Platform-Specific App State Management, Platform-Specific Notification Handling, Platform-Specific Network Requests, Platform-Specific Thread Management, Platform-Specific Localization, Platform-Specific Accessibility Implementation, Platform-Specific Widget Integration, Platform-Specific App Review Process, Platform-Specific App Store Guidelines, Platform-Specific Publishing Practices, Platform-Specific Update Rollout Strategies, Platform-Specific In-App Purchases, Platform-Specific Monetization Strategies, Platform-Specific Analytics Integration, Platform-Specific Crash Reporting",,,,,,,,,,,,,,,,,,,,,,,,,,,,,,,,,,,,,,,,,,,,,,,,,,,,,,,,,,,,,,,,,,,,,,,,,,,,,,,,,,,,,,,,,,,,,,,,,,,,,,,,,,,
Cross Platform App Developer,"React Native, Flutter, Xamarin, Unity, Cross-Platform UI/UX Design, Code Sharing Strategies, Performance Considerations in Cross-Platform Development, Platform-Specific Modules Integration, React Native Components, React Navigation, React Native Bridge, Flutter Widgets, Flutter Navigation, Flutter State Management, Xamarin.Forms, Xamarin Native, Xamarin.iOS, Xamarin.Android, Unity UI Design, Unity Physics, Unity Animation, Unity Asset Store, Cross-Platform Testing, Continuous Integration in Cross-Platform, Code Push, Hot Reload, Cross-Platform Deployment, Flutter Web, React Native Web, Cross-Platform App Theming, Flutter Packages, React Native Libraries, Unity Asset Bundles, Xamarin Plugins, Cross-Platform App Localization, Cross-Platform App Accessibility, Cross-Platform App Debugging, Cross-Platform App Profiling, Cross-Platform App Performance Optimization",,,,,,,,,,,,,,,,,,,,,,,,,,,,,,,,,,,,,,,,,,,,,,,,,,,,,,,,,,,,,,,,,,,,,,,,,,,,,,,,,,,,,,,,,,,,,,,,,,,,,,,,,,,
